Dates,PX_LAST
3/1/2005,14255
4/1/2005,14040
5/1/2005,13690
6/1/2005,13669
7/1/2005,13525
10/1/2005,13537
11/1/2005,13445
12/1/2005,13508
13/1/2005,13545
14/1/2005,13490
17/1/2005,13612
18/1/2005,13585
19/1/2005,13638
20/1/2005,13455
21/1/2005,13445
24/1/2005,13386
25/1/2005,13570
26/1/2005,13605
27/1/2005,13594
28/1/2005,13637
31/1/2005,13707
1/2/2005,13515
2/2/2005,13516
3/2/2005,13495
4/2/2005,13590
7/2/2005,13845
8/2/2005,13890
14/2/2005,14074
15/2/2005,14012
16/2/2005,14015
17/2/2005,13990
18/2/2005,14080
21/2/2005,14104
22/2/2005,14095
23/2/2005,13897
24/2/2005,14027
25/2/2005,14172
28/2/2005,14100
1/3/2005,13958
2/3/2005,13700
3/3/2005,13776
4/3/2005,13610
7/3/2005,13672
8/3/2005,13816
9/3/2005,13819
10/3/2005,13740
11/3/2005,13774
14/3/2005,13816
15/3/2005,13670
16/3/2005,13775
17/3/2005,13804
18/3/2005,13801
21/3/2005,13835
22/3/2005,13739
23/3/2005,13565
24/3/2005,13580
29/3/2005,13395
30/3/2005,13410
31/3/2005,13420
1/4/2005,13455
4/4/2005,13483
6/4/2005,13561
7/4/2005,13593
8/4/2005,13675
11/4/2005,13641
12/4/2005,13630
13/4/2005,13816
14/4/2005,13815
15/4/2005,13590
18/4/2005,13359
19/4/2005,13445
20/4/2005,13469
21/4/2005,13648
22/4/2005,13722
25/4/2005,13750
26/4/2005,13870
27/4/2005,13870
28/4/2005,13902
29/4/2005,13730
3/5/2005,13764
4/5/2005,13845
5/5/2005,14018
6/5/2005,13999
9/5/2005,14045
10/5/2005,13970
11/5/2005,13870
12/5/2005,13935
13/5/2005,13810
17/5/2005,13561
18/5/2005,13597
19/5/2005,13678
20/5/2005,13661
23/5/2005,13655
24/5/2005,13686
25/5/2005,13547
26/5/2005,13565
27/5/2005,13716
30/5/2005,13748
31/5/2005,13902
1/6/2005,13851
2/6/2005,13823
3/6/2005,13828
6/6/2005,13837
7/6/2005,13869
8/6/2005,13922
9/6/2005,13912
10/6/2005,13977
13/6/2005,13968
14/6/2005,13934
15/6/2005,13916
16/6/2005,13836
17/6/2005,13935
20/6/2005,13954
21/6/2005,14031
22/6/2005,14198
23/6/2005,14222
24/6/2005,14267
27/6/2005,14197
28/6/2005,14272
29/6/2005,14322
30/6/2005,14208
4/7/2005,14220
5/7/2005,14176
6/7/2005,14220
7/7/2005,14027
8/7/2005,13927
11/7/2005,14183
12/7/2005,14161
13/7/2005,14303
14/7/2005,14507
15/7/2005,14515
18/7/2005,14572
19/7/2005,14588
20/7/2005,14604
21/7/2005,14656
22/7/2005,14784
25/7/2005,14806
26/7/2005,14784
27/7/2005,14815
28/7/2005,14852
29/7/2005,14884
1/8/2005,15024
2/8/2005,15130
3/8/2005,15096
4/8/2005,15100
5/8/2005,15017
8/8/2005,15111
9/8/2005,15018
10/8/2005,15322
11/8/2005,15365
12/8/2005,15431
15/8/2005,15430
16/8/2005,15370
17/8/2005,15422
18/8/2005,15090
19/8/2005,15027
22/8/2005,15212
23/8/2005,14947
24/8/2005,14826
25/8/2005,14851
26/8/2005,14923
29/8/2005,14778
30/8/2005,14892
31/8/2005,14896
1/9/2005,15139
2/9/2005,15217
5/9/2005,15205
6/9/2005,15160
7/9/2005,15228
8/9/2005,15145
9/9/2005,15150
12/9/2005,15200
13/9/2005,15029
14/9/2005,15069
15/9/2005,15054
16/9/2005,14976
20/9/2005,15235
21/9/2005,15200
22/9/2005,15156
23/9/2005,15100
26/9/2005,15289
27/9/2005,15205
28/9/2005,15225
29/9/2005,15333
30/9/2005,15440
3/10/2005,15432
4/10/2005,15413
5/10/2005,15170
6/10/2005,14809
7/10/2005,14822
10/10/2005,14879
12/10/2005,14571
13/10/2005,14614
14/10/2005,14490
17/10/2005,14506
18/10/2005,14578
19/10/2005,14321
20/10/2005,14357
21/10/2005,14488
24/10/2005,14379
25/10/2005,14389
26/10/2005,14446
27/10/2005,14372
28/10/2005,14225
31/10/2005,14384
1/11/2005,14542
2/11/2005,14575
3/11/2005,14571
4/11/2005,14495
7/11/2005,14312
8/11/2005,14388
9/11/2005,14575
10/11/2005,14595
11/11/2005,14707
14/11/2005,14537
15/11/2005,14578
16/11/2005,14614
17/11/2005,14793
18/11/2005,14845
21/11/2005,14811
22/11/2005,14832
23/11/2005,15020
24/11/2005,15064
25/11/2005,15058
28/11/2005,15124
29/11/2005,14991
30/11/2005,14905
1/12/2005,15155
2/12/2005,15258
5/12/2005,15198
6/12/2005,15008
7/12/2005,15156
8/12/2005,14903
9/12/2005,14901
12/12/2005,15034
13/12/2005,14968
14/12/2005,15041
15/12/2005,15087
16/12/2005,15039
19/12/2005,15220
20/12/2005,15208
21/12/2005,15275
22/12/2005,15252
23/12/2005,15252
28/12/2005,15129
29/12/2005,15106
30/12/2005,14838
3/1/2006,14950
4/1/2006,15280
5/1/2006,15343
6/1/2006,15404
9/1/2006,15614
10/1/2006,15586
11/1/2006,15755
12/1/2006,15817
13/1/2006,15862
16/1/2006,15813
17/1/2006,15603
18/1/2006,15455
19/1/2006,15735
20/1/2006,15651
23/1/2006,15427
24/1/2006,15522
25/1/2006,15562
26/1/2006,15504
27/1/2006,15863
1/2/2006,15781
2/2/2006,15701
3/2/2006,15438
6/2/2006,15528
7/2/2006,15559
8/2/2006,15420
9/2/2006,15457
10/2/2006,15410
13/2/2006,15250
14/2/2006,15432
15/2/2006,15419
16/2/2006,15422
17/2/2006,15441
20/2/2006,15606
21/2/2006,15638
22/2/2006,15593
23/2/2006,15837
24/2/2006,15864
27/2/2006,15948
28/2/2006,15839
1/3/2006,15723
2/3/2006,15833
3/3/2006,15773
6/3/2006,15759
7/3/2006,15463
8/3/2006,15332
9/3/2006,15396
10/3/2006,15303
13/3/2006,15445
14/3/2006,15385
15/3/2006,15676
16/3/2006,15629
17/3/2006,15723
20/3/2006,15850
21/3/2006,15835
22/3/2006,15571
23/3/2006,15761
24/3/2006,15675
27/3/2006,15850
28/3/2006,15856
29/3/2006,15719
30/3/2006,15909
31/3/2006,15811
3/4/2006,16135
4/4/2006,16153
6/4/2006,16457
7/4/2006,16545
10/4/2006,16541
11/4/2006,16519
12/4/2006,16370
13/4/2006,16470
18/4/2006,16665
19/4/2006,16880
20/4/2006,16971
21/4/2006,16923
24/4/2006,16712
25/4/2006,16590
26/4/2006,16678
27/4/2006,16805
28/4/2006,16529
2/5/2006,16769
3/5/2006,16928
4/5/2006,16919
8/5/2006,17215
9/5/2006,17010
10/5/2006,16942
11/5/2006,17075
12/5/2006,16775
15/5/2006,16230
16/5/2006,16338
17/5/2006,16522
18/5/2006,16212
19/5/2006,16249
22/5/2006,15688
23/5/2006,15839
24/5/2006,15787
25/5/2006,15600
26/5/2006,15840
29/5/2006,15960
30/5/2006,15831
1/6/2006,15648
2/6/2006,15972
5/6/2006,16078
6/6/2006,15975
7/6/2006,15818
8/6/2006,15414
9/6/2006,15575
12/6/2006,15585
13/6/2006,15272
14/6/2006,15241
15/6/2006,15427
16/6/2006,15838
19/6/2006,15747
20/6/2006,15600
21/6/2006,15624
22/6/2006,15832
23/6/2006,15780
26/6/2006,15800
27/6/2006,15787
28/6/2006,15755
29/6/2006,15881
30/6/2006,16317
3/7/2006,16351
4/7/2006,16428
5/7/2006,16315
6/7/2006,16489
7/7/2006,16447
10/7/2006,16600
11/7/2006,16476
12/7/2006,16580
13/7/2006,16322
14/7/2006,16136
17/7/2006,16011
18/7/2006,16039
19/7/2006,16115
20/7/2006,16522
21/7/2006,16493
24/7/2006,16497
25/7/2006,16570
26/7/2006,16625
27/7/2006,16942
28/7/2006,16986
31/7/2006,16975
1/8/2006,16935
2/8/2006,17073
3/8/2006,17055
4/8/2006,16850
7/8/2006,16957
8/8/2006,17035
9/8/2006,17327
10/8/2006,17186
11/8/2006,17265
14/8/2006,17243
15/8/2006,17218
16/8/2006,17462
17/8/2006,17408
18/8/2006,17335
21/8/2006,16991
22/8/2006,17134
23/8/2006,17064
24/8/2006,16920
25/8/2006,16980
28/8/2006,16926
29/8/2006,17080
30/8/2006,17183
31/8/2006,17378
1/9/2006,17407
4/9/2006,17533
5/9/2006,17391
6/9/2006,17235
7/9/2006,17019
8/9/2006,17124
11/9/2006,16905
12/9/2006,17083
13/9/2006,17265
14/9/2006,17239
15/9/2006,17280
18/9/2006,17401
19/9/2006,17331
20/9/2006,17578
21/9/2006,17634
22/9/2006,17626
25/9/2006,17592
26/9/2006,17340
27/9/2006,17558
28/9/2006,17550
29/9/2006,17559
3/10/2006,17644
4/10/2006,17672
5/10/2006,17979
6/10/2006,17923
9/10/2006,17674
10/10/2006,17865
11/10/2006,17846
12/10/2006,17947
13/10/2006,17998
16/10/2006,18020
17/10/2006,17975
18/10/2006,18035
19/10/2006,17964
20/10/2006,18167
23/10/2006,18120
24/10/2006,18167
25/10/2006,18149
26/10/2006,18418
27/10/2006,18392
31/10/2006,18340
1/11/2006,18456
2/11/2006,18770
3/11/2006,18703
6/11/2006,18916
7/11/2006,18923
8/11/2006,18784
9/11/2006,18965
10/11/2006,18817
13/11/2006,18864
14/11/2006,18899
15/11/2006,19091
16/11/2006,19105
17/11/2006,19151
20/11/2006,18865
21/11/2006,18999
22/11/2006,19277
23/11/2006,19265
24/11/2006,19220
27/11/2006,19175
28/11/2006,18647
29/11/2006,18769
30/11/2006,18998
1/12/2006,18776
4/12/2006,18746
5/12/2006,19072
6/12/2006,19095
7/12/2006,18894
8/12/2006,18819
11/12/2006,18933
12/12/2006,18933
13/12/2006,18735
14/12/2006,18999
15/12/2006,19119
18/12/2006,19222
19/12/2006,18981
20/12/2006,19269
21/12/2006,19225
22/12/2006,19338
27/12/2006,19724
28/12/2006,19899
29/12/2006,20018
2/1/2007,20392
3/1/2007,20505
4/1/2007,20052
5/1/2007,20275
8/1/2007,20028
9/1/2007,19929
10/1/2007,19577
11/1/2007,19420
12/1/2007,19671
15/1/2007,20060
16/1/2007,20046
17/1/2007,20032
18/1/2007,20319
19/1/2007,20356
22/1/2007,20792
23/1/2007,20769
24/1/2007,20757
25/1/2007,20684
26/1/2007,20225
29/1/2007,20220
30/1/2007,20296
31/1/2007,20155
1/2/2007,20498
2/2/2007,20653
5/2/2007,20491
6/2/2007,20704
7/2/2007,20682
8/2/2007,20783
9/2/2007,20706
12/2/2007,20627
13/2/2007,20107
14/2/2007,20226
15/2/2007,20568
16/2/2007,20529
21/2/2007,20648
22/2/2007,20788
23/2/2007,20683
26/2/2007,20510
27/2/2007,20251
28/2/2007,19509
1/3/2007,19336
2/3/2007,19429
5/3/2007,18518
6/3/2007,19003
7/3/2007,18804
8/3/2007,19057
9/3/2007,19085
12/3/2007,19334
13/3/2007,19206
14/3/2007,18690
15/3/2007,18839
16/3/2007,18834
19/3/2007,19219
20/3/2007,19266
21/3/2007,19507
22/3/2007,19745
23/3/2007,19699
26/3/2007,19760
27/3/2007,19701
28/3/2007,19524
29/3/2007,19692
30/3/2007,19878
2/4/2007,19871
3/4/2007,20055
4/4/2007,20265
10/4/2007,20390
11/4/2007,20390
12/4/2007,20362
13/4/2007,20339
16/4/2007,20798
17/4/2007,20743
18/4/2007,20726
19/4/2007,20285
20/4/2007,20559
23/4/2007,20583
24/4/2007,20575
25/4/2007,20482
26/4/2007,20665
27/4/2007,20534
30/4/2007,20095
2/5/2007,20270
3/5/2007,20551
4/5/2007,20722
7/5/2007,20766
8/5/2007,20622
9/5/2007,20722
10/5/2007,20629
11/5/2007,20354
14/5/2007,20958
15/5/2007,20820
16/5/2007,20920
17/5/2007,20970
18/5/2007,20906
21/5/2007,20980
22/5/2007,20820
23/5/2007,20770
25/5/2007,20453
28/5/2007,20508
29/5/2007,20448
30/5/2007,20284
31/5/2007,20693
1/6/2007,20740
4/6/2007,20756
5/6/2007,20924
6/6/2007,20789
7/6/2007,20750
8/6/2007,20467
11/6/2007,20635
12/6/2007,20595
13/6/2007,20534
14/6/2007,20887
15/6/2007,21045
18/6/2007,21514
20/6/2007,21678
21/6/2007,21917
22/6/2007,22014
25/6/2007,21826
26/6/2007,21829
27/6/2007,21747
28/6/2007,21963
29/6/2007,21875
3/7/2007,22265
4/7/2007,22281
5/7/2007,22176
6/7/2007,22543
9/7/2007,22779
10/7/2007,22817
11/7/2007,22601
12/7/2007,22834
13/7/2007,23130
16/7/2007,22975
17/7/2007,23074
18/7/2007,22799
19/7/2007,22995
20/7/2007,23252
23/7/2007,23322
24/7/2007,23457
25/7/2007,23350
26/7/2007,23239
27/7/2007,22567
30/7/2007,22618
31/7/2007,23219
1/8/2007,22320
2/8/2007,22350
3/8/2007,22535
6/8/2007,21910
7/8/2007,21854
8/8/2007,22563
9/8/2007,22395
10/8/2007,21701
13/8/2007,21890
14/8/2007,21903
15/8/2007,21388
16/8/2007,20539
17/8/2007,20187
20/8/2007,21639
21/8/2007,21600
22/8/2007,22407
23/8/2007,22932
24/8/2007,22904
27/8/2007,23580
28/8/2007,23314
29/8/2007,23000
30/8/2007,23501
31/8/2007,23854
3/9/2007,23936
4/9/2007,23800
5/9/2007,24050
6/9/2007,24071
7/9/2007,23943
10/9/2007,24006
11/9/2007,23890
12/9/2007,24328
13/9/2007,24518
14/9/2007,24899
17/9/2007,24470
18/9/2007,24581
19/9/2007,25687
20/9/2007,25668
21/9/2007,25832
24/9/2007,26495
25/9/2007,26380
27/9/2007,26976
28/9/2007,27182
2/10/2007,28215
3/10/2007,27255
4/10/2007,27013
5/10/2007,27924
8/10/2007,27790
9/10/2007,28383
10/10/2007,28550
11/10/2007,29246
12/10/2007,28763
15/10/2007,29525
16/10/2007,28771
17/10/2007,29293
18/10/2007,29304
22/10/2007,28181
23/10/2007,29481
24/10/2007,29388
25/10/2007,29860
26/10/2007,30390
29/10/2007,31772
30/10/2007,31737
31/10/2007,31269
1/11/2007,31285
2/11/2007,30461
5/11/2007,28776
6/11/2007,29441
7/11/2007,29528
8/11/2007,28539
9/11/2007,28871
12/11/2007,27627
13/11/2007,27787
14/11/2007,29220
15/11/2007,28626
16/11/2007,27260
19/11/2007,27170
20/11/2007,27445
21/11/2007,26490
22/11/2007,26087
23/11/2007,26570
26/11/2007,27730
27/11/2007,27105
28/11/2007,27430
29/11/2007,28479
30/11/2007,28880
3/12/2007,28604
4/12/2007,29102
5/12/2007,29527
6/12/2007,29699
7/12/2007,28996
10/12/2007,28534
11/12/2007,29410
12/12/2007,28524
13/12/2007,27589
14/12/2007,27590
17/12/2007,26497
18/12/2007,26729
19/12/2007,27054
20/12/2007,27032
21/12/2007,27848
24/12/2007,28255
27/12/2007,27795
28/12/2007,27490
31/12/2007,27910
2/1/2008,27668
3/1/2008,27026
4/1/2008,27663
7/1/2008,27280
8/1/2008,27168
9/1/2008,27560
10/1/2008,27266
11/1/2008,26765
14/1/2008,26416
15/1/2008,25730
16/1/2008,24719
17/1/2008,25090
18/1/2008,24951
21/1/2008,23588
22/1/2008,21803
23/1/2008,24215
24/1/2008,23640
25/1/2008,25075
28/1/2008,24288
29/1/2008,24286
30/1/2008,24065
31/1/2008,23494
1/2/2008,24213
4/2/2008,25004
5/2/2008,24711
6/2/2008,23450
11/2/2008,22480
12/2/2008,22889
13/2/2008,23191
14/2/2008,23886
15/2/2008,24276
18/2/2008,23829
19/2/2008,24180
20/2/2008,23630
21/2/2008,23496
22/2/2008,23377
25/2/2008,23360
26/2/2008,23755
27/2/2008,24400
28/2/2008,24552
29/2/2008,24210
3/3/2008,23315
4/3/2008,23001
5/3/2008,23150
6/3/2008,23170
7/3/2008,22560
10/3/2008,22799
11/3/2008,22885
12/3/2008,23350
13/3/2008,22095
14/3/2008,22132
17/3/2008,21336
18/3/2008,21480
19/3/2008,21641
20/3/2008,20821
25/3/2008,22470
26/3/2008,22615
27/3/2008,22791
28/3/2008,23018
31/3/2008,22630
1/4/2008,23230
2/4/2008,23801
3/4/2008,24220
7/4/2008,24659
8/4/2008,24298
9/4/2008,23997
10/4/2008,24061
11/4/2008,24600
14/4/2008,23835
15/4/2008,23848
16/4/2008,23870
17/4/2008,24314
18/4/2008,24232
21/4/2008,24618
22/4/2008,24998
23/4/2008,25279
24/4/2008,25618
25/4/2008,25643
28/4/2008,25669
29/4/2008,25918
30/4/2008,25735
2/5/2008,26248
5/5/2008,26074
6/5/2008,26180
7/5/2008,25485
8/5/2008,25308
9/5/2008,24860
13/5/2008,25450
14/5/2008,25460
15/5/2008,25500
16/5/2008,25669
19/5/2008,25671
20/5/2008,25096
21/5/2008,25430
22/5/2008,24958
23/5/2008,24609
26/5/2008,24259
27/5/2008,24175
28/5/2008,24231
29/5/2008,24346
30/5/2008,24459
2/6/2008,24653
3/6/2008,24237
4/6/2008,23903
5/6/2008,24230
6/6/2008,24437
10/6/2008,23221
11/6/2008,23215
12/6/2008,23106
13/6/2008,22446
16/6/2008,23038
17/6/2008,23154
18/6/2008,23152
19/6/2008,22812
20/6/2008,22710
23/6/2008,22660
24/6/2008,22463
25/6/2008,22650
26/6/2008,22426
27/6/2008,21990
30/6/2008,22120
2/7/2008,21774
3/7/2008,21267
4/7/2008,21515
7/7/2008,21888
8/7/2008,21261
9/7/2008,21904
10/7/2008,21850
11/7/2008,22200
14/7/2008,22026
15/7/2008,21060
16/7/2008,21210
17/7/2008,21790
18/7/2008,21974
21/7/2008,22605
22/7/2008,22431
23/7/2008,23260
24/7/2008,23108
25/7/2008,22810
28/7/2008,22672
29/7/2008,22283
30/7/2008,22676
31/7/2008,22775
1/8/2008,22869
4/8/2008,22392
5/8/2008,21968
7/8/2008,22046
8/8/2008,21740
11/8/2008,21804
12/8/2008,21485
13/8/2008,21203
14/8/2008,21337
15/8/2008,21021
18/8/2008,20899
19/8/2008,20355
20/8/2008,20868
21/8/2008,20381
25/8/2008,21190
26/8/2008,21086
27/8/2008,21411
28/8/2008,21131
29/8/2008,21260
1/9/2008,20873
2/9/2008,21160
3/9/2008,20543
4/9/2008,20240
5/9/2008,19693
8/9/2008,20726
9/9/2008,20422
10/9/2008,19920
11/9/2008,19342
12/9/2008,19305
16/9/2008,18225
17/9/2008,17689
18/9/2008,17760
19/9/2008,19469
22/9/2008,19638
23/9/2008,19032
24/9/2008,19030
25/9/2008,19086
26/9/2008,18657
29/9/2008,18221
30/9/2008,18082
2/10/2008,18250
3/10/2008,17705
6/10/2008,16720
8/10/2008,15288
9/10/2008,15925
10/10/2008,14933
13/10/2008,16180
14/10/2008,17079
15/10/2008,15940
16/10/2008,14976
17/10/2008,14470
20/10/2008,15270
21/10/2008,15170
22/10/2008,14106
23/10/2008,13771
24/10/2008,12500
27/10/2008,11148
28/10/2008,12446
29/10/2008,12708
30/10/2008,13722
31/10/2008,13930
3/11/2008,14177
4/11/2008,14400
5/11/2008,14773
6/11/2008,13730
7/11/2008,14200
10/11/2008,14737
11/11/2008,13970
12/11/2008,13762
13/11/2008,13098
14/11/2008,13582
17/11/2008,13461
18/11/2008,12773
19/11/2008,12635
20/11/2008,12197
21/11/2008,12516
24/11/2008,12485
25/11/2008,12786
26/11/2008,13285
27/11/2008,13717
28/11/2008,13988
1/12/2008,13870
2/12/2008,13238
3/12/2008,13545
4/12/2008,13520
5/12/2008,13870
8/12/2008,15078
9/12/2008,14755
10/12/2008,15620
11/12/2008,15515
12/12/2008,14760
15/12/2008,15114
16/12/2008,15069
17/12/2008,15524
18/12/2008,15400
19/12/2008,14995
22/12/2008,14689
23/12/2008,14201
24/12/2008,14120
29/12/2008,14318
30/12/2008,14376
31/12/2008,14405
2/1/2009,15039
5/1/2009,15644
6/1/2009,15534
7/1/2009,15064
8/1/2009,14430
9/1/2009,14261
12/1/2009,14020
13/1/2009,13572
14/1/2009,13707
15/1/2009,13051
16/1/2009,13252
19/1/2009,13393
20/1/2009,12895
21/1/2009,12601
22/1/2009,12572
23/1/2009,12464
29/1/2009,13256
30/1/2009,13214
2/2/2009,12821
3/2/2009,12792
4/2/2009,13030
5/2/2009,13173
6/2/2009,13772
9/2/2009,13775
10/2/2009,13837
11/2/2009,13540
12/2/2009,13128
13/2/2009,13528
16/2/2009,13379
17/2/2009,12890
18/2/2009,12959
19/2/2009,13004
20/2/2009,12648
23/2/2009,13229
24/2/2009,12800
25/2/2009,12940
26/2/2009,12862
27/2/2009,12698
2/3/2009,12093
3/3/2009,11921
4/3/2009,12248
5/3/2009,12050
6/3/2009,11844
9/3/2009,11392
10/3/2009,11600
11/3/2009,11933
12/3/2009,11967
13/3/2009,12598
16/3/2009,12883
17/3/2009,12824
18/3/2009,13113
19/3/2009,13003
20/3/2009,12880
23/3/2009,13390
24/3/2009,13812
25/3/2009,13680
26/3/2009,14070
27/3/2009,14051
30/3/2009,13698
31/3/2009,13556
1/4/2009,13450
2/4/2009,14557
3/4/2009,14520
6/4/2009,15030
7/4/2009,14762
8/4/2009,14407
9/4/2009,14763
14/4/2009,15485
15/4/2009,15682
16/4/2009,15534
17/4/2009,15687
20/4/2009,15684
21/4/2009,15237
22/4/2009,14860
23/4/2009,15224
24/4/2009,15380
27/4/2009,14994
28/4/2009,14602
29/4/2009,14863
30/4/2009,15387
4/5/2009,16227
5/5/2009,16328
6/5/2009,16635
7/5/2009,17155
8/5/2009,17175
11/5/2009,16810
12/5/2009,17188
13/5/2009,16930
14/5/2009,16431
15/5/2009,16705
18/5/2009,16850
19/5/2009,17475
20/5/2009,17361
21/5/2009,17023
22/5/2009,17066
25/5/2009,17080
26/5/2009,16920
27/5/2009,17686
29/5/2009,18150
1/6/2009,18690
2/6/2009,18349
3/6/2009,18337
4/6/2009,18343
5/6/2009,18646
8/6/2009,18131
9/6/2009,17930
10/6/2009,18655
11/6/2009,18790
12/6/2009,18836
15/6/2009,18420
16/6/2009,18037
17/6/2009,17870
18/6/2009,17761
19/6/2009,17915
22/6/2009,18045
23/6/2009,17471
24/6/2009,17950
25/6/2009,18319
26/6/2009,18542
29/6/2009,18572
30/6/2009,18420
2/7/2009,18125
3/7/2009,18140
6/7/2009,17934
7/7/2009,17884
8/7/2009,17713
9/7/2009,17763
10/7/2009,17725
13/7/2009,17276
14/7/2009,17862
15/7/2009,18255
16/7/2009,18340
17/7/2009,18895
20/7/2009,19585
21/7/2009,19520
22/7/2009,19288
23/7/2009,19799
24/7/2009,20024
27/7/2009,20150
28/7/2009,20548
29/7/2009,20239
30/7/2009,20182
31/7/2009,20363
3/8/2009,20750
4/8/2009,20745
5/8/2009,20451
6/8/2009,20870
7/8/2009,20310
10/8/2009,20817
11/8/2009,21048
12/8/2009,20484
13/8/2009,20764
14/8/2009,20937
17/8/2009,20067
18/8/2009,20220
19/8/2009,19999
20/8/2009,20284
21/8/2009,20138
24/8/2009,20542
25/8/2009,20468
26/8/2009,20440
27/8/2009,20285
28/8/2009,20136
31/8/2009,19623
1/9/2009,19654
2/9/2009,19425
3/9/2009,19570
4/9/2009,20379
7/9/2009,20633
8/9/2009,21062
9/9/2009,20822
10/9/2009,20960
11/9/2009,21140
14/9/2009,20880
15/9/2009,20824
16/9/2009,21437
17/9/2009,21722
18/9/2009,21618
21/9/2009,21471
22/9/2009,21692
23/9/2009,21570
24/9/2009,20965
25/9/2009,20938
28/9/2009,20642
29/9/2009,21013
30/9/2009,20895
2/10/2009,20261
5/10/2009,20396
6/10/2009,20828
7/10/2009,21235
8/10/2009,21553
9/10/2009,21559
12/10/2009,21415
13/10/2009,21433
14/10/2009,21908
15/10/2009,22003
16/10/2009,22003
19/10/2009,22139
20/10/2009,22335
21/10/2009,22289
22/10/2009,22175
23/10/2009,22601
27/10/2009,22191
28/10/2009,21689
29/10/2009,21203
30/10/2009,21630
2/11/2009,21385
3/11/2009,21110
4/11/2009,21536
5/11/2009,21431
6/11/2009,21846
9/11/2009,22134
10/11/2009,22255
11/11/2009,22665
12/11/2009,22465
13/11/2009,22491
16/11/2009,22846
17/11/2009,22876
18/11/2009,22767
19/11/2009,22543
20/11/2009,22420
23/11/2009,22789
24/11/2009,22472
25/11/2009,22600
26/11/2009,22177
27/11/2009,21413
30/11/2009,21748
1/12/2009,22264
2/12/2009,22420
3/12/2009,22531
4/12/2009,22427
7/12/2009,22341
8/12/2009,22069
9/12/2009,21896
10/12/2009,21688
11/12/2009,21878
14/12/2009,21917
15/12/2009,21754
16/12/2009,21636
17/12/2009,21343
18/12/2009,21135
21/12/2009,20912
22/12/2009,21038
23/12/2009,21274
24/12/2009,21540
28/12/2009,21467
29/12/2009,21441
30/12/2009,21426
31/12/2009,21925
4/1/2010,21801
5/1/2010,22269
6/1/2010,22429
7/1/2010,22284
8/1/2010,22310
11/1/2010,22508
12/1/2010,22241
13/1/2010,21784
14/1/2010,21664
15/1/2010,21553
18/1/2010,21523
19/1/2010,21611
20/1/2010,21183
21/1/2010,20743
22/1/2010,20664
25/1/2010,20595
26/1/2010,20090
27/1/2010,19977
28/1/2010,20348
29/1/2010,20203
1/2/2010,20151
2/2/2010,20164
3/2/2010,20612
4/2/2010,20343
5/2/2010,19538
8/2/2010,19515
9/2/2010,19750
10/2/2010,19958
11/2/2010,20205
12/2/2010,20336
17/2/2010,20591
18/2/2010,20345
19/2/2010,19912
22/2/2010,20395
23/2/2010,20660
24/2/2010,20526
25/2/2010,20436
26/2/2010,20537
1/3/2010,20983
2/3/2010,20937
3/3/2010,20893
4/3/2010,20616
5/3/2010,20725
8/3/2010,21125
9/3/2010,21240
10/3/2010,21190
11/3/2010,21127
12/3/2010,21192
15/3/2010,21097
16/3/2010,21017
17/3/2010,21399
18/3/2010,21287
19/3/2010,21321
22/3/2010,20875
23/3/2010,21020
24/3/2010,21027
25/3/2010,20753
26/3/2010,21124
29/3/2010,21256
30/3/2010,21362
31/3/2010,21230
1/4/2010,21530
7/4/2010,21886
8/4/2010,21888
9/4/2010,22278
12/4/2010,22154
13/4/2010,22161
14/4/2010,22123
15/4/2010,22198
16/4/2010,21888
19/4/2010,21479
20/4/2010,21601
21/4/2010,21428
22/4/2010,21482
23/4/2010,21249
26/4/2010,21507
27/4/2010,21258
28/4/2010,20890
29/4/2010,20889
30/4/2010,20882
3/5/2010,20573
4/5/2010,20534
5/5/2010,20120
6/5/2010,20024
7/5/2010,19695
10/5/2010,20200
11/5/2010,19936
12/5/2010,20144
13/5/2010,20200
14/5/2010,19927
17/5/2010,19634
18/5/2010,19812
19/5/2010,19362
20/5/2010,19435
24/5/2010,19548
25/5/2010,18922
26/5/2010,19155
27/5/2010,19412
28/5/2010,19786
31/5/2010,19713
1/6/2010,19451
2/6/2010,19484
3/6/2010,19799
4/6/2010,19814
7/6/2010,19335
8/6/2010,19498
9/6/2010,19544
10/6/2010,19687
11/6/2010,19848
14/6/2010,20089
15/6/2010,20145
17/6/2010,20192
18/6/2010,20379
21/6/2010,20970
22/6/2010,20839
23/6/2010,20935
24/6/2010,20733
25/6/2010,20716
28/6/2010,20773
29/6/2010,20427
30/6/2010,20079
2/7/2010,19873
5/7/2010,19780
6/7/2010,20028
7/7/2010,19786
8/7/2010,20029
9/7/2010,20399
12/7/2010,20526
13/7/2010,20434
14/7/2010,20553
15/7/2010,20181
16/7/2010,20185
19/7/2010,20026
20/7/2010,20210
21/7/2010,20535
22/7/2010,20586
23/7/2010,20918
26/7/2010,20837
27/7/2010,20964
28/7/2010,21051
29/7/2010,21068
30/7/2010,20971
2/8/2010,21422
3/8/2010,21488
4/8/2010,21532
5/8/2010,21532
6/8/2010,21630
9/8/2010,21788
10/8/2010,21461
11/8/2010,21309
12/8/2010,20966
13/8/2010,21029
16/8/2010,20985
17/8/2010,21095
18/8/2010,20963
19/8/2010,21004
20/8/2010,20955
23/8/2010,20865
24/8/2010,20576
25/8/2010,20631
26/8/2010,20627
27/8/2010,20536
30/8/2010,20762
31/8/2010,20320
1/9/2010,20474
2/9/2010,20832
3/9/2010,20989
6/9/2010,21353
7/9/2010,21369
8/9/2010,21031
9/9/2010,21204
10/9/2010,21199
13/9/2010,21720
14/9/2010,21693
15/9/2010,21782
16/9/2010,21740
17/9/2010,21998
20/9/2010,21961
21/9/2010,22060
22/9/2010,22029
24/9/2010,22211
27/9/2010,22360
28/9/2010,22122
29/9/2010,22382
30/9/2010,22328
4/10/2010,22630
5/10/2010,22700
6/10/2010,22920
7/10/2010,22969
8/10/2010,22891
11/10/2010,23280
12/10/2010,23126
13/10/2010,23581
14/10/2010,23874
15/10/2010,23738
18/10/2010,23488
19/10/2010,23810
20/10/2010,23554
21/10/2010,23668
22/10/2010,23485
25/10/2010,23707
26/10/2010,23617
27/10/2010,23109
28/10/2010,23205
29/10/2010,22973
1/11/2010,23636
2/11/2010,23677
3/11/2010,24065
4/11/2010,24533
5/11/2010,24789
8/11/2010,24878
9/11/2010,24685
10/11/2010,24408
11/11/2010,24695
12/11/2010,24186
15/11/2010,23955
16/11/2010,23595
17/11/2010,23175
18/11/2010,23537
19/11/2010,23648
22/11/2010,23575
23/11/2010,22951
24/11/2010,22930
25/11/2010,23038
26/11/2010,22860
29/11/2010,22912
30/11/2010,23028
1/12/2010,23259
2/12/2010,23390
3/12/2010,23270
6/12/2010,23173
7/12/2010,23459
8/12/2010,23075
9/12/2010,23147
10/12/2010,23188
13/12/2010,23315
14/12/2010,23390
15/12/2010,22950
16/12/2010,22552
17/12/2010,22672
20/12/2010,22698
21/12/2010,22960
22/12/2010,23110
23/12/2010,22890
24/12/2010,22803
28/12/2010,22633
29/12/2010,23006
30/12/2010,22981
31/12/2010,23020
3/1/2011,23386
4/1/2011,23670
5/1/2011,23754
6/1/2011,23806
7/1/2011,23736
10/1/2011,23517
11/1/2011,23777
12/1/2011,24223
13/1/2011,24265
14/1/2011,24348
17/1/2011,24214
18/1/2011,24190
19/1/2011,24394
20/1/2011,24024
21/1/2011,23871
24/1/2011,23811
25/1/2011,23781
26/1/2011,23858
27/1/2011,23779
28/1/2011,23647
31/1/2011,23371
1/2/2011,23466
2/2/2011,23955
7/2/2011,23515
8/2/2011,23391
9/2/2011,23073
10/2/2011,22718
11/2/2011,22740
14/2/2011,23079
15/2/2011,22920
16/2/2011,23090
17/2/2011,23285
18/2/2011,23580
21/2/2011,23447
22/2/2011,22942
23/2/2011,22939
24/2/2011,22650
25/2/2011,22920
28/2/2011,23298
1/3/2011,23380
2/3/2011,22940
3/3/2011,22998
4/3/2011,23319
7/3/2011,23319
8/3/2011,23740
9/3/2011,23760
10/3/2011,23640
11/3/2011,23212
14/3/2011,23273
15/3/2011,22562
16/3/2011,22611
17/3/2011,22168
18/3/2011,22259
21/3/2011,22611
22/3/2011,22814
23/3/2011,22810
24/3/2011,22937
25/3/2011,23182
28/3/2011,23070
29/3/2011,23070
30/3/2011,23402
31/3/2011,23515
1/4/2011,23841
4/4/2011,24185
6/4/2011,24294
7/4/2011,24302
8/4/2011,24416
11/4/2011,24345
12/4/2011,23968
13/4/2011,24117
14/4/2011,24013
15/4/2011,23962
18/4/2011,23779
19/4/2011,23435
20/4/2011,23880
21/4/2011,24102
26/4/2011,23956
27/4/2011,23825
28/4/2011,23953
29/4/2011,23485
3/5/2011,23394
4/5/2011,23060
5/5/2011,23105
6/5/2011,22970
9/5/2011,23161
11/5/2011,23135
12/5/2011,22865
13/5/2011,23283
16/5/2011,22776
17/5/2011,22786
18/5/2011,22959
19/5/2011,23150
20/5/2011,23145
23/5/2011,22655
24/5/2011,22702
25/5/2011,22744
26/5/2011,22866
27/5/2011,23139
30/5/2011,23198
31/5/2011,23543
1/6/2011,23501
2/6/2011,23168
3/6/2011,22940
7/6/2011,22845
8/6/2011,22560
9/6/2011,22485
10/6/2011,22275
13/6/2011,22420
14/6/2011,22491
15/6/2011,22240
16/6/2011,21941
17/6/2011,21606
20/6/2011,21622
21/6/2011,21834
22/6/2011,21832
23/6/2011,21684
24/6/2011,22148
27/6/2011,21995
28/6/2011,21993
29/6/2011,22117
30/6/2011,22428
4/7/2011,22845
5/7/2011,22786
6/7/2011,22470
7/7/2011,22550
8/7/2011,22809
11/7/2011,22370
12/7/2011,21575
13/7/2011,21880
14/7/2011,21985
15/7/2011,21844
18/7/2011,21791
19/7/2011,21839
20/7/2011,21985
21/7/2011,21959
22/7/2011,22470
25/7/2011,22326
26/7/2011,22540
27/7/2011,22558
28/7/2011,22339
29/7/2011,22325
1/8/2011,22692
2/8/2011,22398
3/8/2011,21939
4/8/2011,21705
5/8/2011,20741
8/8/2011,20390
9/8/2011,19411
10/8/2011,19625
11/8/2011,19411
12/8/2011,19541
15/8/2011,20164
16/8/2011,20117
17/8/2011,20156
18/8/2011,19934
19/8/2011,19309
22/8/2011,19491
23/8/2011,19852
24/8/2011,19415
25/8/2011,19783
26/8/2011,19529
29/8/2011,19845
30/8/2011,20233
31/8/2011,20455
1/9/2011,20401
2/9/2011,20058
5/9/2011,19535
6/9/2011,19690
7/9/2011,19970
8/9/2011,19857
9/9/2011,19723
12/9/2011,18996
14/9/2011,18997
15/9/2011,19197
16/9/2011,19326
19/9/2011,18935
20/9/2011,19006
21/9/2011,18726
22/9/2011,17831
23/9/2011,17762
26/9/2011,17425
27/9/2011,18063
28/9/2011,17954
30/9/2011,17420
3/10/2011,16897
4/10/2011,16257
6/10/2011,17209
7/10/2011,17643
10/10/2011,17734
11/10/2011,17996
12/10/2011,18445
13/10/2011,18612
14/10/2011,18432
17/10/2011,18804
18/10/2011,18139
19/10/2011,18290
20/10/2011,18069
21/10/2011,17957
24/10/2011,18851
25/10/2011,19020
26/10/2011,19032
27/10/2011,19774
28/10/2011,20072
31/10/2011,19785
1/11/2011,19301
2/11/2011,19763
3/11/2011,19292
4/11/2011,19892
7/11/2011,19596
8/11/2011,19797
9/11/2011,19935
10/11/2011,19033
11/11/2011,19071
14/11/2011,19506
15/11/2011,19295
16/11/2011,18888
17/11/2011,18873
18/11/2011,18439
21/11/2011,18110
22/11/2011,18170
23/11/2011,17803
24/11/2011,17868
25/11/2011,17645
28/11/2011,18020
29/11/2011,18206
30/11/2011,18082
1/12/2011,18923
2/12/2011,19194
5/12/2011,19101
6/12/2011,19024
7/12/2011,19189
8/12/2011,19100
9/12/2011,18544
12/12/2011,18489
13/12/2011,18439
14/12/2011,18258
15/12/2011,17960
16/12/2011,18260
19/12/2011,18069
20/12/2011,17979
21/12/2011,18390
22/12/2011,18415
23/12/2011,18590
28/12/2011,18440
29/12/2011,18365
30/12/2011,18456
3/1/2012,18810
4/1/2012,18771
5/1/2012,18808
6/1/2012,18649
9/1/2012,18920
10/1/2012,19007
11/1/2012,19168
12/1/2012,19115
13/1/2012,19274
16/1/2012,19020
17/1/2012,19686
18/1/2012,19598
19/1/2012,19965
20/1/2012,20185
26/1/2012,20414
27/1/2012,20594
30/1/2012,20343
31/1/2012,20357
1/2/2012,20378
2/2/2012,20772
3/2/2012,20755
6/2/2012,20661
7/2/2012,20781
8/2/2012,21123
9/2/2012,20954
10/2/2012,20795
13/2/2012,20898
14/2/2012,20966
15/2/2012,21416
16/2/2012,21222
17/2/2012,21444
20/2/2012,21363
21/2/2012,21428
22/2/2012,21494
23/2/2012,21387
24/2/2012,21416
27/2/2012,21205
28/2/2012,21403
29/2/2012,21650
1/3/2012,21317
2/3/2012,21534
5/3/2012,21155
6/3/2012,20691
7/3/2012,20569
8/3/2012,20837
9/3/2012,21057
12/3/2012,21124
13/3/2012,21281
14/3/2012,21283
15/3/2012,21314
16/3/2012,21340
19/3/2012,20999
20/3/2012,20888
21/3/2012,20909
22/3/2012,20875
23/3/2012,20614
26/3/2012,20729
27/3/2012,21154
28/3/2012,20902
29/3/2012,20615
30/3/2012,20500
2/4/2012,20460
3/4/2012,20778
5/4/2012,20507
10/4/2012,20308
11/4/2012,20086
12/4/2012,20383
13/4/2012,20714
16/4/2012,20579
17/4/2012,20549
18/4/2012,20769
19/4/2012,21019
20/4/2012,20997
23/4/2012,20567
24/4/2012,20626
25/4/2012,20710
26/4/2012,20858
27/4/2012,20845
30/4/2012,20940
2/5/2012,21183
3/5/2012,21091
4/5/2012,20890
7/5/2012,20309
8/5/2012,20271
9/5/2012,20134
10/5/2012,19923
11/5/2012,19744
14/5/2012,19518
15/5/2012,19635
16/5/2012,19162
17/5/2012,19005
18/5/2012,18813
21/5/2012,18809
22/5/2012,18864
23/5/2012,18586
24/5/2012,18513
25/5/2012,18550
28/5/2012,18687
29/5/2012,18963
30/5/2012,18695
31/5/2012,18530
1/6/2012,18420
4/6/2012,17944
5/6/2012,18109
6/6/2012,18495
7/6/2012,18518
8/6/2012,18355
11/6/2012,18965
12/6/2012,18756
13/6/2012,18933
14/6/2012,18760
15/6/2012,19330
18/6/2012,19459
19/6/2012,19364
20/6/2012,19572
21/6/2012,19272
22/6/2012,19027
25/6/2012,18961
26/6/2012,19029
27/6/2012,19160
28/6/2012,19180
29/6/2012,19449
3/7/2012,19755
4/7/2012,19750
5/7/2012,19882
6/7/2012,19821
9/7/2012,19433
10/7/2012,19426
11/7/2012,19395
12/7/2012,19031
13/7/2012,19030
16/7/2012,19087
17/7/2012,19488
18/7/2012,19209
19/7/2012,19566
20/7/2012,19670
23/7/2012,18988
24/7/2012,18850
25/7/2012,18850
26/7/2012,18825
27/7/2012,19245
30/7/2012,19547
31/7/2012,19714
1/8/2012,19792
2/8/2012,19630
3/8/2012,19655
6/8/2012,19959
7/8/2012,20013
8/8/2012,20050
9/8/2012,20192
10/8/2012,20164
13/8/2012,20035
14/8/2012,20251
15/8/2012,20077
16/8/2012,19922
17/8/2012,20115
20/8/2012,20085
21/8/2012,20135
22/8/2012,19858
23/8/2012,20125
24/8/2012,19863
27/8/2012,19833
28/8/2012,19791
29/8/2012,19760
30/8/2012,19558
31/8/2012,19369
3/9/2012,19420
4/9/2012,19319
5/9/2012,19067
6/9/2012,19153
7/9/2012,19868
10/9/2012,19821
11/9/2012,19858
12/9/2012,20057
13/9/2012,20042
14/9/2012,20646
17/9/2012,20714
18/9/2012,20633
19/9/2012,20884
20/9/2012,20635
21/9/2012,20715
24/9/2012,20738
25/9/2012,20742
26/9/2012,20540
27/9/2012,20689
28/9/2012,20875
3/10/2012,20875
4/10/2012,20871
5/10/2012,20971
8/10/2012,20782
9/10/2012,20942
10/10/2012,20914
11/10/2012,20964
12/10/2012,21096
15/10/2012,21106
16/10/2012,21197
17/10/2012,21393
18/10/2012,21545
19/10/2012,21558
22/10/2012,21681
24/10/2012,21760
25/10/2012,21846
26/10/2012,21530
29/10/2012,21525
30/10/2012,21440
31/10/2012,21674
1/11/2012,21858
2/11/2012,22109
5/11/2012,22050
6/11/2012,21955
7/11/2012,22125
8/11/2012,21550
9/11/2012,21314
12/11/2012,21404
13/11/2012,21176
14/11/2012,21420
15/11/2012,21169
16/11/2012,21124
19/11/2012,21240
20/11/2012,21268
21/11/2012,21530
22/11/2012,21741
23/11/2012,21934
26/11/2012,21883
27/11/2012,21822
28/11/2012,21711
29/11/2012,21891
30/11/2012,22023
3/12/2012,21723
4/12/2012,21742
5/12/2012,22340
6/12/2012,22240
7/12/2012,22272
10/12/2012,22257
11/12/2012,22296
12/12/2012,22517
13/12/2012,22454
14/12/2012,22639
17/12/2012,22475
18/12/2012,22507
19/12/2012,22615
20/12/2012,22632
21/12/2012,22465
24/12/2012,22556
27/12/2012,22666
28/12/2012,22659
31/12/2012,22674
2/1/2013,23226
3/1/2013,23449
4/1/2013,23300
7/1/2013,23329
8/1/2013,23152
9/1/2013,23230
10/1/2013,23340
11/1/2013,23305
14/1/2013,23383
15/1/2013,23381
16/1/2013,23360
17/1/2013,23346
18/1/2013,23576
21/1/2013,23591
22/1/2013,23672
23/1/2013,23618
24/1/2013,23607
25/1/2013,23597
28/1/2013,23670
29/1/2013,23668
30/1/2013,23843
31/1/2013,23776
1/2/2013,23756
4/2/2013,23638
5/2/2013,23085
6/2/2013,23246
7/2/2013,23201
8/2/2013,23242
14/2/2013,23413
15/2/2013,23423
18/2/2013,23333
19/2/2013,23161
20/2/2013,23221
21/2/2013,22858
22/2/2013,22754
25/2/2013,22851
26/2/2013,22560
27/2/2013,22566
28/2/2013,22972
1/3/2013,22853
4/3/2013,22468
5/3/2013,22419
6/3/2013,22640
7/3/2013,22686
8/3/2013,23102
11/3/2013,23056
12/3/2013,22792
13/3/2013,22447
14/3/2013,22516
15/3/2013,22337
18/3/2013,22047
19/3/2013,21961
20/3/2013,22255
21/3/2013,22262
22/3/2013,22140
25/3/2013,22261
26/3/2013,22275
27/3/2013,22448
28/3/2013,22316
2/4/2013,22389
3/4/2013,22346
5/4/2013,21656
8/4/2013,21639
9/4/2013,21828
10/4/2013,21966
11/4/2013,22135
12/4/2013,22120
15/4/2013,21770
16/4/2013,21667
17/4/2013,21511
18/4/2013,21525
19/4/2013,22004
22/4/2013,22021
23/4/2013,21793
24/4/2013,22136
25/4/2013,22420
26/4/2013,22557
29/4/2013,22559
30/4/2013,22604
2/5/2013,22594
3/5/2013,22547
6/5/2013,22761
7/5/2013,22911
8/5/2013,23044
9/5/2013,23119
10/5/2013,23198
13/5/2013,22880
14/5/2013,22855
15/5/2013,22928
16/5/2013,22973
20/5/2013,23371
21/5/2013,23289
22/5/2013,23227
23/5/2013,22521
24/5/2013,22583
27/5/2013,22645
28/5/2013,22866
29/5/2013,22527
30/5/2013,22464
31/5/2013,22173
3/6/2013,21992
4/6/2013,21995
5/6/2013,21826
6/6/2013,21570
7/6/2013,21353
10/6/2013,21394
11/6/2013,21163
13/6/2013,20800
14/6/2013,20873
17/6/2013,21131
18/6/2013,21160
19/6/2013,20938
20/6/2013,20285
21/6/2013,20201
24/6/2013,19798
25/6/2013,19824
26/6/2013,20299
27/6/2013,20549
28/6/2013,20729
2/7/2013,20632
3/7/2013,20170
4/7/2013,20411
5/7/2013,20799
8/7/2013,20492
9/7/2013,20756
10/7/2013,20857
11/7/2013,21412
12/7/2013,21209
15/7/2013,21215
16/7/2013,21266
17/7/2013,21325
18/7/2013,21362
19/7/2013,21334
22/7/2013,21397
23/7/2013,21894
24/7/2013,21965
25/7/2013,21899
26/7/2013,21964
29/7/2013,21846
30/7/2013,21932
31/7/2013,21864
1/8/2013,22001
2/8/2013,22148
5/8/2013,22199
6/8/2013,21838
7/8/2013,21541
8/8/2013,21640
9/8/2013,21703
12/8/2013,22191
13/8/2013,22549
14/8/2013,22549
15/8/2013,22551
16/8/2013,22488
19/8/2013,22419
20/8/2013,21875
21/8/2013,21746
22/8/2013,21892
23/8/2013,21813
26/8/2013,22010
27/8/2013,21806
28/8/2013,21510
29/8/2013,21619
30/8/2013,21568
2/9/2013,22156
3/9/2013,22315
4/9/2013,22325
5/9/2013,22620
6/9/2013,22692
9/9/2013,22757
10/9/2013,22951
11/9/2013,22969
12/9/2013,22981
13/9/2013,22933
16/9/2013,23326
17/9/2013,23191
18/9/2013,23200
19/9/2013,23559
23/9/2013,23356
24/9/2013,23193
25/9/2013,23166
26/9/2013,23136
27/9/2013,23182
30/9/2013,22883
2/10/2013,22975
3/10/2013,23180
4/10/2013,23099
7/10/2013,22911
8/10/2013,23163
9/10/2013,23027
10/10/2013,22956
11/10/2013,23235
15/10/2013,23342
16/10/2013,23210
17/10/2013,22961
18/10/2013,23308
21/10/2013,23401
22/10/2013,23308
23/10/2013,22990
24/10/2013,22794
25/10/2013,22662
28/10/2013,22781
29/10/2013,22867
30/10/2013,23067
31/10/2013,23242
1/11/2013,23254
4/11/2013,23170
5/11/2013,23009
6/11/2013,23040
7/11/2013,22815
8/11/2013,22744
11/11/2013,23028
12/11/2013,22865
13/11/2013,22509
14/11/2013,22546
15/11/2013,23003
18/11/2013,23669
19/11/2013,23754
20/11/2013,23757
21/11/2013,23590
22/11/2013,23733
25/11/2013,23744
26/11/2013,23729
27/11/2013,23818
28/11/2013,23942
29/11/2013,23921
2/12/2013,24032
3/12/2013,23908
4/12/2013,23730
5/12/2013,23698
6/12/2013,23762
9/12/2013,23769
10/12/2013,23766
11/12/2013,23346
12/12/2013,23186
13/12/2013,23240
16/12/2013,23089
17/12/2013,23062
18/12/2013,23180
19/12/2013,22833
20/12/2013,22832
23/12/2013,22924
24/12/2013,23209
27/12/2013,23278
30/12/2013,23244
31/12/2013,23333
2/1/2014,23334
3/1/2014,22790
6/1/2014,22679
7/1/2014,22612
8/1/2014,22948
9/1/2014,22788
10/1/2014,22863
13/1/2014,22827
14/1/2014,22771
15/1/2014,22910
16/1/2014,22973
17/1/2014,23166
20/1/2014,22869
21/1/2014,23047
22/1/2014,23055
23/1/2014,22721
24/1/2014,22424
27/1/2014,21922
28/1/2014,22009
29/1/2014,22182
30/1/2014,22009
4/2/2014,21447
5/2/2014,21197
6/2/2014,21332
7/2/2014,21527
10/2/2014,21514
11/2/2014,21902
12/2/2014,22258
13/2/2014,22160
14/2/2014,22324
17/2/2014,22529
18/2/2014,22581
19/2/2014,22636
20/2/2014,22374
21/2/2014,22581
24/2/2014,22378
25/2/2014,22342
26/2/2014,22412
27/2/2014,22660
28/2/2014,22807
3/3/2014,22422
4/3/2014,22629
5/3/2014,22532
6/3/2014,22626
7/3/2014,22591
10/3/2014,22185
11/3/2014,22225
12/3/2014,21906
13/3/2014,21751
14/3/2014,21505
17/3/2014,21393
18/3/2014,21555
19/3/2014,21533
20/3/2014,21150
21/3/2014,21434
24/3/2014,21811
25/3/2014,21739
26/3/2014,21875
27/3/2014,21835
28/3/2014,22077
31/3/2014,22140
1/4/2014,22413
2/4/2014,22514
3/4/2014,22554
4/4/2014,22530
7/4/2014,22400
8/4/2014,22630
9/4/2014,22866
10/4/2014,23275
11/4/2014,22995
14/4/2014,23075
15/4/2014,22656
16/4/2014,22696
17/4/2014,22743
22/4/2014,22737
23/4/2014,22468
24/4/2014,22543
25/4/2014,22175
28/4/2014,22157
29/4/2014,22213
30/4/2014,21837
2/5/2014,22024
5/5/2014,21775
7/5/2014,21559
8/5/2014,21627
9/5/2014,21676
12/5/2014,22118
13/5/2014,22199
14/5/2014,22386
15/5/2014,22550
16/5/2014,22575
19/5/2014,22574
20/5/2014,22723
21/5/2014,22794
22/5/2014,22915
23/5/2014,22931
26/5/2014,22948
27/5/2014,22951
28/5/2014,23036
29/5/2014,23133
30/5/2014,22910
3/6/2014,23104
4/6/2014,22992
5/6/2014,22985
6/6/2014,22790
9/6/2014,23008
10/6/2014,23177
11/6/2014,23106
12/6/2014,23143
13/6/2014,23249
16/6/2014,23218
17/6/2014,23156
18/6/2014,23173
19/6/2014,23195
20/6/2014,23171
23/6/2014,22766
24/6/2014,22886
25/6/2014,22898
26/6/2014,23192
27/6/2014,23193
30/6/2014,23104
2/7/2014,23545
3/7/2014,23548
4/7/2014,23547
7/7/2014,23539
8/7/2014,23544
9/7/2014,23159
10/7/2014,23206
11/7/2014,23218
14/7/2014,23366
15/7/2014,23436
16/7/2014,23513
17/7/2014,23493
18/7/2014,23409
21/7/2014,23326
22/7/2014,23789
23/7/2014,23959
24/7/2014,24151
25/7/2014,24235
28/7/2014,24388
29/7/2014,24630
30/7/2014,24824
31/7/2014,24766
1/8/2014,24498
4/8/2014,24515
5/8/2014,24591
6/8/2014,24500
7/8/2014,24370
8/8/2014,24300
11/8/2014,24596
12/8/2014,24633
13/8/2014,24895
14/8/2014,24756
15/8/2014,24904
18/8/2014,24903
19/8/2014,25107
20/8/2014,25113
21/8/2014,24995
22/8/2014,25103
25/8/2014,25179
26/8/2014,25083
27/8/2014,24932
28/8/2014,24894
29/8/2014,24683
1/9/2014,24697
2/9/2014,24692
3/9/2014,25315
4/9/2014,25197
5/9/2014,25161
8/9/2014,25145
10/9/2014,24630
11/9/2014,24648
12/9/2014,24561
15/9/2014,24409
16/9/2014,24183
17/9/2014,24375
18/9/2014,24153
19/9/2014,24292
22/9/2014,23991
23/9/2014,23814
24/9/2014,23878
25/9/2014,23760
26/9/2014,23670
29/9/2014,23228
30/9/2014,22820
3/10/2014,22993
6/10/2014,23252
7/10/2014,23344
8/10/2014,23226
9/10/2014,23490
10/10/2014,23016
13/10/2014,23176
14/10/2014,22960
15/10/2014,23092
16/10/2014,22851
17/10/2014,23040
20/10/2014,23026
21/10/2014,23106
22/10/2014,23353
23/10/2014,23387
24/10/2014,23323
27/10/2014,23218
28/10/2014,23579
29/10/2014,23823
30/10/2014,23705
31/10/2014,23943
3/11/2014,23830
4/11/2014,23811
5/11/2014,23702
6/11/2014,23652
7/11/2014,23504
10/11/2014,23741
11/11/2014,23763
12/11/2014,23912
13/11/2014,23981
14/11/2014,24030
17/11/2014,23771
18/11/2014,23441
19/11/2014,23313
20/11/2014,23284
21/11/2014,23414
24/11/2014,23895
25/11/2014,23907
26/11/2014,24167
27/11/2014,24029
28/11/2014,23980
1/12/2014,23294
2/12/2014,23684
3/12/2014,23433
4/12/2014,23828
5/12/2014,24081
8/12/2014,24027
9/12/2014,23493
10/12/2014,23497
11/12/2014,23363
12/12/2014,23182
15/12/2014,22966
16/12/2014,22603
17/12/2014,22594
18/12/2014,22791
19/12/2014,23159
22/12/2014,23450
23/12/2014,23364
24/12/2014,23400
29/12/2014,23827
30/12/2014,23574
31/12/2014,23649
2/1/2015,23816
5/1/2015,23762
6/1/2015,23440
7/1/2015,23655
8/1/2015,23835
9/1/2015,23929
12/1/2015,24049
13/1/2015,24248
14/1/2015,24136
15/1/2015,24408
16/1/2015,24224
19/1/2015,23771
20/1/2015,23969
21/1/2015,24305
22/1/2015,24580
23/1/2015,24930
26/1/2015,24862
27/1/2015,24778
28/1/2015,24878
29/1/2015,24596
30/1/2015,24535
2/2/2015,24504
3/2/2015,24537
4/2/2015,24656
5/2/2015,24770
6/2/2015,24622
9/2/2015,24513
10/2/2015,24528
11/2/2015,24320
12/2/2015,24450
13/2/2015,24728
16/2/2015,24754
17/2/2015,24830
18/2/2015,24847
23/2/2015,24863
24/2/2015,24782
25/2/2015,24810
26/2/2015,24856
27/2/2015,24794
2/3/2015,24803
3/3/2015,24589
4/3/2015,24347
5/3/2015,24140
6/3/2015,24108
9/3/2015,24070
10/3/2015,23870
11/3/2015,23646
12/3/2015,23755
13/3/2015,23761
16/3/2015,23950
17/3/2015,23868
18/3/2015,24130
19/3/2015,24517
20/3/2015,24411
23/3/2015,24482
24/3/2015,24423
25/3/2015,24571
26/3/2015,24518
27/3/2015,24546
30/3/2015,24867
31/3/2015,24949
1/4/2015,25100
2/4/2015,25216
8/4/2015,26244
9/4/2015,27073
10/4/2015,27300
13/4/2015,28030
14/4/2015,27572
15/4/2015,27619
16/4/2015,27736
17/4/2015,27680
20/4/2015,27139
21/4/2015,27879
22/4/2015,27807
23/4/2015,27799
24/4/2015,28033
27/4/2015,28410
28/4/2015,28433
29/4/2015,28337
30/4/2015,28105
4/5/2015,28156
5/5/2015,27781
6/5/2015,27666
7/5/2015,27202
8/5/2015,27510
11/5/2015,27632
12/5/2015,27329
13/5/2015,27188
14/5/2015,27230
15/5/2015,27864
18/5/2015,27510
19/5/2015,27679
20/5/2015,27466
21/5/2015,27593
22/5/2015,27982
26/5/2015,28296
27/5/2015,28066
28/5/2015,27605
29/5/2015,27164
1/6/2015,27230
2/6/2015,27179
3/6/2015,27369
4/6/2015,27450
5/6/2015,27011
8/6/2015,27035
9/6/2015,26734
10/6/2015,26382
11/6/2015,26749
12/6/2015,27128
15/6/2015,26599
16/6/2015,26278
17/6/2015,26539
18/6/2015,26491
19/6/2015,26640
22/6/2015,26929
23/6/2015,27287
24/6/2015,27278
25/6/2015,27140
26/6/2015,26733
29/6/2015,26002
30/6/2015,26204
2/7/2015,26330
3/7/2015,26011
6/7/2015,25284
7/7/2015,25025
8/7/2015,23176
9/7/2015,24458
10/7/2015,24899
13/7/2015,25174
14/7/2015,25008
15/7/2015,25030
16/7/2015,25067
17/7/2015,25420
20/7/2015,25389
21/7/2015,25516
22/7/2015,25233
23/7/2015,25386
24/7/2015,25161
27/7/2015,24346
28/7/2015,24469
29/7/2015,24609
30/7/2015,24657
31/7/2015,24526
3/8/2015,24278
4/8/2015,24264
5/8/2015,24466
6/8/2015,24310
7/8/2015,24451
10/8/2015,24401
11/8/2015,24390
12/8/2015,23720
13/8/2015,24044
14/8/2015,23952
17/8/2015,23787
18/8/2015,23439
19/8/2015,23074
20/8/2015,22666
21/8/2015,22488
24/8/2015,21128
25/8/2015,21575
26/8/2015,21113
27/8/2015,21795
28/8/2015,21965
31/8/2015,21464
1/9/2015,20879
2/9/2015,20699
4/9/2015,20612
7/9/2015,20427
8/9/2015,21304
9/9/2015,21971
10/9/2015,21474
11/9/2015,21375
14/9/2015,21474
15/9/2015,21333
16/9/2015,21980
17/9/2015,21730
18/9/2015,22084
21/9/2015,21681
22/9/2015,21592
23/9/2015,21313
24/9/2015,21181
25/9/2015,21224
29/9/2015,20477
30/9/2015,20792
2/10/2015,21507
5/10/2015,21846
6/10/2015,21764
7/10/2015,22473
8/10/2015,22419
9/10/2015,22403
12/10/2015,22658
13/10/2015,22511
14/10/2015,22465
15/10/2015,22912
16/10/2015,23100
19/10/2015,23041
20/10/2015,22929
22/10/2015,22844
23/10/2015,23180
26/10/2015,23043
27/10/2015,23070
28/10/2015,22978
29/10/2015,22894
30/10/2015,22684
2/11/2015,22357
3/11/2015,22580
4/11/2015,23114
5/11/2015,22963
6/11/2015,22738
9/11/2015,22608
10/11/2015,22372
11/11/2015,22359
12/11/2015,22905
13/11/2015,22319
16/11/2015,22041
17/11/2015,22270
18/11/2015,22137
19/11/2015,22483
20/11/2015,22761
23/11/2015,22695
24/11/2015,22524
25/11/2015,22494
26/11/2015,22525
27/11/2015,22211
30/11/2015,21909
1/12/2015,22388
2/12/2015,22483
3/12/2015,22417
4/12/2015,22152
7/12/2015,22280
8/12/2015,21824
9/12/2015,21779
10/12/2015,21630
11/12/2015,21387
14/12/2015,21310
15/12/2015,21331
16/12/2015,21737
17/12/2015,21824
18/12/2015,21787
21/12/2015,21784
22/12/2015,21817
23/12/2015,22100
24/12/2015,22143
28/12/2015,21862
29/12/2015,22058
30/12/2015,21918
31/12/2015,21910
4/1/2016,21123
5/1/2016,21140
6/1/2016,20861
7/1/2016,20348
8/1/2016,20399
11/1/2016,19943
12/1/2016,19697
13/1/2016,20059
14/1/2016,19810
15/1/2016,19468
18/1/2016,19271
19/1/2016,19621
20/1/2016,18847
21/1/2016,18751
22/1/2016,19091
25/1/2016,19238
26/1/2016,18901
27/1/2016,19010
28/1/2016,19094
29/1/2016,19723
1/2/2016,19469
2/2/2016,19442
3/2/2016,18978
4/2/2016,19156
5/2/2016,19313
11/2/2016,18378
12/2/2016,18372
15/2/2016,18835
16/2/2016,19141
17/2/2016,18916
18/2/2016,19294
19/2/2016,19332
22/2/2016,19476
23/2/2016,19416
24/2/2016,19152
25/2/2016,18912
26/2/2016,19225
29/2/2016,19057
1/3/2016,19324
2/3/2016,19890
3/3/2016,19861
4/3/2016,20100
7/3/2016,20142
8/3/2016,19950
9/3/2016,19990
10/3/2016,20005
11/3/2016,20237
14/3/2016,20417
15/3/2016,20298
16/3/2016,20306
17/3/2016,20474
18/3/2016,20595
21/3/2016,20675
22/3/2016,20607
23/3/2016,20645
24/3/2016,20319
29/3/2016,20349
30/3/2016,20683
31/3/2016,20807
1/4/2016,20467
5/4/2016,20130
6/4/2016,20147
7/4/2016,20248
8/4/2016,20389
11/4/2016,20540
12/4/2016,20470
13/4/2016,21216
14/4/2016,21343
15/4/2016,21342
18/4/2016,21167
19/4/2016,21433
20/4/2016,21271
21/4/2016,21594
22/4/2016,21481
25/4/2016,21291
26/4/2016,21391
27/4/2016,21290
28/4/2016,21470
29/4/2016,20854
3/5/2016,20544
4/5/2016,20300
5/5/2016,20284
6/5/2016,19975
9/5/2016,20049
10/5/2016,20130
11/5/2016,19898
12/5/2016,19803
13/5/2016,19604
16/5/2016,19816
17/5/2016,19946
18/5/2016,19686
19/5/2016,19606
20/5/2016,19855
23/5/2016,19833
24/5/2016,19862
25/5/2016,20360
26/5/2016,20381
27/5/2016,20577
30/5/2016,20666
31/5/2016,20474
1/6/2016,20532
2/6/2016,20611
3/6/2016,20711
6/6/2016,20776
7/6/2016,21103
8/6/2016,21114
10/6/2016,20808
13/6/2016,20378
14/6/2016,20180
15/6/2016,20269
16/6/2016,19871
17/6/2016,19977
20/6/2016,20336
21/6/2016,20475
22/6/2016,20743
23/6/2016,20893
24/6/2016,20156
27/6/2016,20115
28/6/2016,20153
29/6/2016,20349
30/6/2016,20947
4/7/2016,21038
5/7/2016,20725
6/7/2016,20510
7/7/2016,20706
8/7/2016,20559
11/7/2016,20875
12/7/2016,21277
13/7/2016,21316
14/7/2016,21586
15/7/2016,21731
18/7/2016,21760
19/7/2016,21670
20/7/2016,21890
21/7/2016,22003
22/7/2016,21992
25/7/2016,22050
26/7/2016,22108
27/7/2016,22168
28/7/2016,22143
29/7/2016,21774
1/8/2016,22120
2/8/2016,22120
3/8/2016,21679
4/8/2016,21812
5/8/2016,22123
8/8/2016,22448
9/8/2016,22429
10/8/2016,22420
11/8/2016,22560
12/8/2016,22757
15/8/2016,22927
16/8/2016,22919
17/8/2016,22739
18/8/2016,23055
19/8/2016,22912
22/8/2016,22963
23/8/2016,23041
24/8/2016,22818
25/8/2016,22790
26/8/2016,22914
29/8/2016,22824
30/8/2016,23003
31/8/2016,22929
1/9/2016,23177
2/9/2016,23210
5/9/2016,23598
6/9/2016,23714
7/9/2016,23659
8/9/2016,23884
9/9/2016,24084
12/9/2016,23290
13/9/2016,23247
14/9/2016,23252
15/9/2016,23349
19/9/2016,23531
20/9/2016,23509
21/9/2016,23657
22/9/2016,23800
23/9/2016,23680
26/9/2016,23315
27/9/2016,23622
28/9/2016,23641
29/9/2016,23702
30/9/2016,23313
3/10/2016,23584
4/10/2016,23682
5/10/2016,23750
6/10/2016,23925
7/10/2016,23830
11/10/2016,23425
12/10/2016,23416
13/10/2016,22941
14/10/2016,23213
17/10/2016,23010
18/10/2016,23361
19/10/2016,23279
20/10/2016,23400
21/10/2016,23400
24/10/2016,23613
25/10/2016,23614
26/10/2016,23314
27/10/2016,23144
28/10/2016,23010
31/10/2016,22905
1/11/2016,23225
2/11/2016,22788
3/11/2016,22721
4/11/2016,22612
7/11/2016,22786
8/11/2016,22929
9/11/2016,22403
10/11/2016,22932
11/11/2016,22489
14/11/2016,22279
15/11/2016,22328
16/11/2016,22213
17/11/2016,22249
18/11/2016,22331
21/11/2016,22346
22/11/2016,22670
23/11/2016,22716
24/11/2016,22605
25/11/2016,22730
28/11/2016,22784
29/11/2016,22790
30/11/2016,22822
1/12/2016,22893
2/12/2016,22575
5/12/2016,22580
6/12/2016,22705
7/12/2016,22794
8/12/2016,22837
9/12/2016,22744
12/12/2016,22388
13/12/2016,22458
14/12/2016,22487
15/12/2016,22095
16/12/2016,21951
19/12/2016,21856
20/12/2016,21704
21/12/2016,21838
22/12/2016,21615
23/12/2016,21538
28/12/2016,21721
29/12/2016,21725
30/12/2016,21962
3/1/2017,22125
4/1/2017,22099
5/1/2017,22484
6/1/2017,22531
9/1/2017,22573
10/1/2017,22739
11/1/2017,22974
12/1/2017,22882
13/1/2017,22969
16/1/2017,22764
17/1/2017,22854
18/1/2017,23123
19/1/2017,23052
20/1/2017,22928
23/1/2017,22897
24/1/2017,22930
25/1/2017,23049
26/1/2017,23348
27/1/2017,23332
1/2/2017,23319
2/2/2017,23127
3/2/2017,23026
6/2/2017,23250
7/2/2017,23261
8/2/2017,23426
9/2/2017,23435
10/2/2017,23527
13/2/2017,23616
14/2/2017,23654
15/2/2017,23969
16/2/2017,24058
17/2/2017,23997
20/2/2017,24120
21/2/2017,23902
22/2/2017,24128
23/2/2017,24136
24/2/2017,24007
27/2/2017,23941
28/2/2017,23742
1/3/2017,23793
2/3/2017,23639
3/3/2017,23550
6/3/2017,23581
7/3/2017,23670
8/3/2017,23777
9/3/2017,23499
10/3/2017,23556
13/3/2017,23802
14/3/2017,23784
15/3/2017,23778
16/3/2017,24329
17/3/2017,24299
20/3/2017,24541
21/3/2017,24610
22/3/2017,24302
23/3/2017,24350
24/3/2017,24381
27/3/2017,24255
28/3/2017,24355
29/3/2017,24393
30/3/2017,24298
31/3/2017,24131
3/4/2017,24243
5/4/2017,24400
6/4/2017,24289
7/4/2017,24263
10/4/2017,24277
11/4/2017,24079
12/4/2017,24297
13/4/2017,24242
18/4/2017,23843
19/4/2017,23827
20/4/2017,24061
21/4/2017,24028
24/4/2017,24192
25/4/2017,24478
26/4/2017,24571
27/4/2017,24613
28/4/2017,24561
2/5/2017,24560
4/5/2017,24568
5/5/2017,24355
8/5/2017,24451
9/5/2017,24744
10/5/2017,24921
11/5/2017,25068
12/5/2017,25063
15/5/2017,25257
16/5/2017,25301
17/5/2017,25306
18/5/2017,25157
19/5/2017,25187
22/5/2017,25341
23/5/2017,25402
24/5/2017,25420
25/5/2017,25633
26/5/2017,25625
29/5/2017,25684
31/5/2017,25481
1/6/2017,25601
2/6/2017,25713
5/6/2017,25665
6/6/2017,25829
7/6/2017,25788
8/6/2017,25895
9/6/2017,25896
12/6/2017,25586
13/6/2017,25723
14/6/2017,25742
15/6/2017,25435
16/6/2017,25497
19/6/2017,25780
20/6/2017,25710
21/6/2017,25497
22/6/2017,25673
23/6/2017,25637
26/6/2017,25812
27/6/2017,25777
28/6/2017,25635
29/6/2017,25906
30/6/2017,25585
3/7/2017,25683
4/7/2017,25311
5/7/2017,25463
6/7/2017,25491
7/7/2017,25330
10/7/2017,25517
11/7/2017,25970
12/7/2017,26097
13/7/2017,26387
14/7/2017,26390
17/7/2017,26500
18/7/2017,26563
19/7/2017,26674
20/7/2017,26747
21/7/2017,26774
24/7/2017,26878
25/7/2017,26881
26/7/2017,26918
27/7/2017,27127
28/7/2017,26987
31/7/2017,27228
1/8/2017,27515
2/8/2017,27552
3/8/2017,27498
4/8/2017,27535
7/8/2017,27613
8/8/2017,27793
9/8/2017,27685
10/8/2017,27385
11/8/2017,26842
14/8/2017,27173
15/8/2017,27127
16/8/2017,27386
17/8/2017,27270
18/8/2017,27032
21/8/2017,27158
22/8/2017,27429
23/8/2017,27429
24/8/2017,27525
25/8/2017,27926
28/8/2017,27892
29/8/2017,27723
30/8/2017,28020
31/8/2017,27937
1/9/2017,27869
4/9/2017,27756
5/9/2017,27711
6/9/2017,27585
7/9/2017,27478
8/9/2017,27676
11/9/2017,27941
12/9/2017,27927
13/9/2017,27863
14/9/2017,27778
15/9/2017,27776
18/9/2017,28161
19/9/2017,28035
20/9/2017,28124
21/9/2017,28129
22/9/2017,27784
25/9/2017,27475
26/9/2017,27567
27/9/2017,27650
28/9/2017,27553
29/9/2017,27515
3/10/2017,28148
4/10/2017,28334
6/10/2017,28435
9/10/2017,28347
10/10/2017,28435
11/10/2017,28314
12/10/2017,28439
13/10/2017,28458
16/10/2017,28718
17/10/2017,28703
18/10/2017,28677
19/10/2017,28227
20/10/2017,28419
23/10/2017,28322
24/10/2017,28162
25/10/2017,28285
26/10/2017,28270
27/10/2017,28432
30/10/2017,28442
31/10/2017,28200
1/11/2017,28577
2/11/2017,28547
3/11/2017,28568
6/11/2017,28612
7/11/2017,28974
8/11/2017,28949
9/11/2017,29126
10/11/2017,29069
13/11/2017,29187
14/11/2017,29177
15/11/2017,28887
16/11/2017,29058
17/11/2017,29193
20/11/2017,29198
21/11/2017,29850
22/11/2017,30046
23/11/2017,29820
24/11/2017,29910
27/11/2017,29770
28/11/2017,29659
29/11/2017,29624
30/11/2017,29319
1/12/2017,29116
4/12/2017,29193
5/12/2017,28896
6/12/2017,28206
7/12/2017,28312
8/12/2017,28620
11/12/2017,28906
12/12/2017,28799
13/12/2017,29224
14/12/2017,29199
15/12/2017,28790
18/12/2017,29128
19/12/2017,29247
20/12/2017,29301
21/12/2017,29358
22/12/2017,29607
27/12/2017,29672
28/12/2017,29777
29/12/2017,29948
2/1/2018,30533
3/1/2018,30615
4/1/2018,30748
5/1/2018,30764
8/1/2018,30836
9/1/2018,30985
10/1/2018,31070
11/1/2018,31095
12/1/2018,31407
15/1/2018,31320
16/1/2018,31908
17/1/2018,31955
18/1/2018,32061
19/1/2018,32235
22/1/2018,32349
23/1/2018,32911
24/1/2018,32897
25/1/2018,32680
26/1/2018,33154
29/1/2018,32900
30/1/2018,32727
31/1/2018,32844
1/2/2018,32650
2/2/2018,32508
5/2/2018,32041
6/2/2018,30715
7/2/2018,30194
8/2/2018,30364
9/2/2018,29329
12/2/2018,29422
13/2/2018,29690
14/2/2018,30301
15/2/2018,30965
20/2/2018,30751
21/2/2018,31367
22/2/2018,30950
23/2/2018,31177
26/2/2018,31514
27/2/2018,31457
28/2/2018,30732
1/3/2018,31028
2/3/2018,30534
5/3/2018,29926
6/3/2018,30485
7/3/2018,30202
8/3/2018,30661
9/3/2018,30996
12/3/2018,31594
13/3/2018,31586
14/3/2018,31453
15/3/2018,31540
16/3/2018,31450
19/3/2018,31393
20/3/2018,31548
21/3/2018,31354
22/3/2018,31051
23/3/2018,30147
26/3/2018,30532
27/3/2018,30779
28/3/2018,30337
29/3/2018,30050
3/4/2018,30152
4/4/2018,29405
6/4/2018,29837
9/4/2018,30283
10/4/2018,30761
11/4/2018,30891
12/4/2018,30767
13/4/2018,30867
16/4/2018,30180
17/4/2018,30055
18/4/2018,30313
19/4/2018,30758
20/4/2018,30358
23/4/2018,30243
24/4/2018,30637
25/4/2018,30179
26/4/2018,30037
27/4/2018,30150
30/4/2018,30665
2/5/2018,30555
3/5/2018,30056
4/5/2018,29780
7/5/2018,29757
8/5/2018,30202
9/5/2018,30418
10/5/2018,30679
11/5/2018,31094
14/5/2018,31458
15/5/2018,30990
16/5/2018,30934
17/5/2018,30880
18/5/2018,30896
21/5/2018,31226
23/5/2018,30545
24/5/2018,30699
25/5/2018,30644
28/5/2018,30760
29/5/2018,30425
30/5/2018,30053
31/5/2018,30497
1/6/2018,30395
4/6/2018,30899
5/6/2018,31063
6/6/2018,31201
7/6/2018,31535
8/6/2018,30840
11/6/2018,31043
12/6/2018,31042
13/6/2018,30743
14/6/2018,30414
15/6/2018,30258
19/6/2018,29371
20/6/2018,29665
21/6/2018,29296
22/6/2018,29335
25/6/2018,28953
26/6/2018,28945
27/6/2018,28372
28/6/2018,28400
29/6/2018,28726
3/7/2018,28317
4/7/2018,28046
5/7/2018,28197
6/7/2018,28220
9/7/2018,28726
10/7/2018,28650
11/7/2018,28288
12/7/2018,28487
13/7/2018,28558
16/7/2018,28510
17/7/2018,28194
18/7/2018,28080
19/7/2018,28039
20/7/2018,28224
23/7/2018,28209
24/7/2018,28643
25/7/2018,28911
26/7/2018,28743
27/7/2018,28729
30/7/2018,28644
31/7/2018,28430
1/8/2018,28295
2/8/2018,27605
3/8/2018,27613
6/8/2018,27728
7/8/2018,28204
8/8/2018,28234
9/8/2018,28531
10/8/2018,28213
13/8/2018,27867
14/8/2018,27637
15/8/2018,27230
16/8/2018,27044
17/8/2018,27136
20/8/2018,27519
21/8/2018,27627
22/8/2018,27852
23/8/2018,27687
24/8/2018,27595
27/8/2018,28252
28/8/2018,28292
29/8/2018,28345
30/8/2018,28240
31/8/2018,27765
3/9/2018,27645
4/9/2018,27882
5/9/2018,27105
6/9/2018,26982
7/9/2018,26835
10/9/2018,26631
11/9/2018,26305
12/9/2018,26341
13/9/2018,26987
14/9/2018,27255
17/9/2018,26891
18/9/2018,27041
19/9/2018,27411
20/9/2018,27459
